USE mortgage_management_system;

INSERT INTO Borrowers (BorrowerID, FirstName, LastName, Email, PhoneNumber, Address)
VALUES (1, 'David', 'Brown', 'david.brown67zkz@gmail.com', '+15953165356', '5706 Pine St, Arlington, NY 85784'),
       (2, 'Linda', 'Gonzalez', 'linda.gonzalez71trj@yahoo.com', '+16584766451', '3598 Spring Ave, Ashland, NC 49241'),
       (3, 'Michael', 'Brown', 'michael.brown56gbr@gmail.com', '+19476392994', '5567 Oak St, Oxford, NC 84242'),
       (4, 'James', 'Smith', 'james.smith80ssa@yahoo.com', '+12217435967', '715 Washington Ln, Springfield, CA 28667'),
       (5, 'Linda', 'Wilson', 'linda.wilson45ygr@gmail.com', '+12341526079', '935 Spring Parkway, Greenwood, OH 39724'),
       (6, 'Robert', 'Jackson', 'robert.jackson90dzz@gmail.com', '+16389547346', '8484 Cedar Rd, Fairview, NY 13793'),
       (7, 'Patricia', 'Williams', 'patricia.williams38wpt@outlook.com', '+16144054788',
        '4197 Elm Dr, Greenwood, GA 61501'),
       (8, 'William', 'Thomas', 'william.thomas24tzp@yahoo.com', '+14629304669',
        '1662 Washington Rd, Madison, OH 46862'),
       (9, 'James', 'Gonzalez', 'james.gonzalez79rcm@outlook.com', '+12504639144',
        '5498 Cedar Dr, Springfield, MI 95444'),
       (10, 'Richard', 'Smith', 'richard.smith80iyh@yahoo.com', '+10501724440',
        '1989 Washington Place, Arlington, PA 61300'),
       (11, 'Joseph', 'Williams', 'joseph.williams31gcj@yahoo.com', '+15009671643',
        '4229 Cedar Ln, Riverside, TX 19934'),
       (12, 'Sarah', 'Rodriguez', 'sarah.rodriguez28dnm@gmail.com', '+15955048563',
        '1530 Spring Court, Lincoln, FL 87704'),
       (13, 'Joseph', 'Smith', 'joseph.smith58drq@yahoo.com', '+14070442043',
        '2149 Washington Terrace, Ashland, OH 34059'),
       (14, 'Linda', 'Williams', 'linda.williams26jja@yahoo.com', '+15357749460', '342 Park Court, Lincoln, PA 87705'),
       (15, 'Karen', 'Brown', 'karen.brown88nlk@yahoo.com', '+12751846508', '953 Elm Blvd, Ashland, CA 81046'),
       (16, 'William', 'Lopez', 'william.lopez93qnt@outlook.com', '+11864029561', '4537 Cedar St, Greenwood, IL 88982'),
       (17, 'Patricia', 'Miller', 'patricia.miller61ues@yahoo.com', '+19625294374',
        '949 Spring St, Arlington, MI 76658'),
       (18, 'Sarah', 'Brown', 'sarah.brown73tjz@gmail.com', '+17776790794', '1227 Elm Ln, Arlington, OH 20140'),
       (19, 'Robert', 'Rodriguez', 'robert.rodriguez48fuo@gmail.com', '+19556167957',
        '8976 Willow Terrace, Lincoln, NY 33733'),
       (20, 'Linda', 'Hernandez', 'linda.hernandez24olb@gmail.com', '+13194324108',
        '2582 Pine Terrace, Greenwood, PA 89636'),
       (21, 'Mary', 'Gonzalez', 'mary.gonzalez26fkd@yahoo.com', '+14838038897',
        '1290 Spring Court, Greenwood, CA 46306'),
       (22, 'Elizabeth', 'Jones', 'elizabeth.jones46bbu@yahoo.com', '+14899470729',
        '7218 Park Place, Riverside, TX 12593'),
       (23, 'Joseph', 'Moore', 'joseph.moore21hvw@gmail.com', '+18355440264', '2784 Maple St, Ashland, CA 97343'),
       (24, 'Elizabeth', 'Lopez', 'elizabeth.lopez91fxi@yahoo.com', '+12433560573',
        '400 Willow Parkway, Ashland, GA 94180'),
       (25, 'Michael', 'Moore', 'michael.moore26tfz@yahoo.com', '+15136966340',
        '8786 Spring Terrace, Greenwood, CA 36486'),
       (26, 'Jennifer', 'Lopez', 'jennifer.lopez72jka@yahoo.com', '+16793182550',
        '2341 Main Rd, Springfield, OH 50510'),
       (27, 'Thomas', 'Miller', 'thomas.miller80rtv@gmail.com', '+11925052105', '4680 Maple Blvd, Lincoln, FL 33039'),
       (28, 'Elizabeth', 'Hernandez', 'elizabeth.hernandez54tko@yahoo.com', '+15199798907',
        '3414 Spring Place, Ashland, OH 32983'),
       (29, 'Karen', 'Williams', 'karen.williams37hrp@gmail.com', '+15011558172', '8863 Main St, Riverside, MI 51863'),
       (30, 'Jessica', 'Thomas', 'jessica.thomas98ksa@yahoo.com', '+19751503669', '8118 Spring Ave, Oxford, PA 70606');

INSERT INTO Properties (PropertyID, Address, Valuation, Size, PropertyType)
VALUES (1, '1188 Willow Rd, Georgetown, OH 37254', 388791.86, 502.17, 'Single Family'),
       (2, '2523 Willow Parkway, Greenwood, PA 99630', 67482.69, 4383.43, 'Townhouse'),
       (3, '4592 Oak Blvd, Fairview, IL 15282', 91975.57, 1624.74, 'Townhouse'),
       (4, '8398 Maple Ln, Fairview, OH 74954', 451823.71, 2503.18, 'Condo'),
       (5, '5453 Oak St, Oxford, MI 77954', 206689.9, 560.25, 'Single Family'),
       (6, '6493 Elm St, Greenwood, NC 95094', 82452.42, 1351.42, 'Condo'),
       (7, '5395 Elm Ln, Riverside, MI 52345', 133818.48, 2017.0, 'Condo'),
       (8, '1041 Main St, Georgetown, IL 34666', 357179.78, 2371.49, 'Single Family'),
       (9, '9847 Park St, Riverside, TX 42554', 467296.4, 4800.27, 'Townhouse'),
       (10, '3916 Maple Parkway, Georgetown, FL 89695', 370992.41, 1927.91, 'Townhouse'),
       (11, '9547 Cedar Ln, Oxford, GA 94665', 75489.48, 4386.08, 'Townhouse'),
       (12, '7803 Park Place, Ashland, IL 59438', 467297.95, 2175.3, 'Single Family'),
       (13, '1640 Cedar St, Oxford, TX 13133', 318811.67, 3473.43, 'Townhouse'),
       (14, '2193 Spring Ave, Springfield, OH 74157', 312140.33, 4037.35, 'Condo'),
       (15, '196 Washington Ave, Lincoln, MI 71901', 350632.92, 628.48, 'Single Family'),
       (16, '636 Washington Dr, Fairview, MI 68103', 400099.1, 3285.53, 'Single Family'),
       (17, '1631 Elm Ave, Oxford, OH 33889', 137963.07, 4094.39, 'Single Family'),
       (18, '2855 Maple Parkway, Riverside, IL 23433', 183265.07, 1828.21, 'Single Family'),
       (19, '123 Washington Parkway, Arlington, PA 34797', 412168.08, 3288.46, 'Single Family'),
       (20, '187 Spring Parkway, Georgetown, FL 11994', 177275.93, 4105.48, 'Single Family'),
       (21, '8828 Spring Blvd, Madison, GA 25853', 364162.81, 896.18, 'Single Family'),
       (22, '767 Pine Terrace, Ashland, OH 47750', 258354.42, 2589.04, 'Condo'),
       (23, '4605 Cedar Blvd, Fairview, FL 14020', 351396.76, 1235.24, 'Townhouse'),
       (24, '222 Elm St, Madison, MI 72451', 125657.45, 4123.38, 'Single Family'),
       (25, '5498 Elm Ave, Ashland, OH 63520', 302116.1, 4463.93, 'Single Family'),
       (26, '9201 Park Terrace, Lincoln, GA 63697', 420461.17, 783.57, 'Single Family'),
       (27, '4777 Spring Rd, Riverside, FL 99755', 441595.43, 1835.85, 'Condo'),
       (28, '3829 Willow Place, Riverside, PA 90143', 296445.17, 4016.99, 'Townhouse'),
       (29, '1013 Main Ave, Fairview, IL 41410', 406262.32, 2918.86, 'Condo'),
       (30, '2014 Main Ave, Springfield, NC 62243', 204106.8, 1524.69, 'Townhouse');

INSERT INTO MortgageLoans (LoanID, BorrowerID, PropertyID, LoanAmount, StartDate, EndDate, InterestRate, LoanType,
                           Status)
VALUES (1, 7, 1, 305443.95, '2020-11-27', '2029-07-29', 2.54, 'Variable', 'Closed'),
       (2, 1, 10, 234244.24, '2018-05-23', '2034-03-02', 1.51, 'Variable', 'Closed'),
       (3, 2, 27, 388497.79, '2019-07-08', '2021-07-01', 4.4, 'Fixed', 'Active'),
       (4, 24, 26, 122791.62, '2019-09-22', '2038-01-25', 5.18, 'Variable', 'Default'),
       (5, 28, 20, 209713.86, '2019-02-14', '2030-02-10', 3.54, 'Fixed', 'Default'),
       (6, 22, 1, 421385.45, '2019-01-08', '2024-11-25', 4.62, 'Fixed', 'Active'),
       (7, 25, 9, 404859.29, '2015-01-22', '2022-05-30', 4.43, 'Fixed', 'Closed'),
       (8, 29, 27, 313516.06, '2019-12-03', '2039-04-02', 1.91, 'Variable', 'Default'),
       (9, 8, 3, 487450.14, '2015-10-28', '2024-01-17', 3.53, 'Fixed', 'Active'),
       (10, 15, 15, 231110.69, '2016-10-30', '2034-08-18', 1.83, 'Variable', 'Default'),
       (11, 16, 30, 217469.24, '2015-04-09', '2036-08-22', 2.32, 'Fixed', 'Default'),
       (12, 19, 7, 414314.44, '2017-11-22', '2040-07-12', 3.43, 'Fixed', 'Default'),
       (13, 20, 10, 279932.81, '2015-04-03', '2029-02-05', 4.76, 'Variable', 'Active'),
       (14, 25, 5, 361431.17, '2017-03-29', '2023-08-12', 3.06, 'Fixed', 'Active'),
       (15, 14, 1, 461421.44, '2016-10-15', '2022-01-17', 3.58, 'Fixed', 'Closed'),
       (16, 12, 25, 280380.47, '2019-01-16', '2030-12-15', 3.7, 'Fixed', 'Closed'),
       (17, 5, 5, 136729.3, '2018-05-03', '2035-03-17', 3.2, 'Fixed', 'Active'),
       (18, 24, 12, 155459.75, '2016-12-23', '2037-04-20', 3.35, 'Variable', 'Default'),
       (19, 23, 7, 224744.05, '2019-01-10', '2025-10-14', 4.71, 'Variable', 'Active'),
       (20, 28, 16, 399502.51, '2019-01-19', '2031-04-20', 2.27, 'Variable', 'Default'),
       (21, 17, 22, 462101.37, '2019-01-03', '2029-08-13', 4.83, 'Variable', 'Closed'),
       (22, 12, 20, 491770.28, '2020-11-03', '2033-05-14', 3.87, 'Variable', 'Active'),
       (23, 4, 12, 258988.61, '2017-03-25', '2021-12-27', 2.98, 'Variable', 'Active'),
       (24, 26, 22, 137563.05, '2016-03-13', '2035-10-01', 4.45, 'Variable', 'Active'),
       (25, 15, 29, 341311.17, '2019-03-10', '2038-03-24', 4.63, 'Fixed', 'Active'),
       (26, 13, 28, 283655.33, '2019-11-26', '2033-06-16', 2.34, 'Variable', 'Closed'),
       (27, 14, 1, 464998.12, '2015-09-14', '2029-06-15', 4.66, 'Fixed', 'Closed'),
       (28, 26, 15, 141671.47, '2020-03-30', '2036-12-30', 1.52, 'Fixed', 'Active'),
       (29, 6, 8, 494681.79, '2016-12-02', '2038-08-20', 3.98, 'Variable', 'Default'),
       (30, 5, 7, 380050.57, '2015-02-24', '2031-09-11', 2.78, 'Variable', 'Active');

INSERT INTO Payments (PaymentID, LoanID, AmountPaid, PaymentDate)
VALUES (1, 1, 9376.33, '2020-07-10'),
       (2, 2, 9201.21, '2021-11-20'),
       (3, 2, 6805.49, '2021-08-01'),
       (4, 3, 4832.22, '2023-03-10'),
       (5, 3, 3430.86, '2021-10-09'),
       (6, 3, 1747.11, '2023-08-19'),
       (7, 4, 2286.61, '2021-03-03'),
       (8, 4, 2384.02, '2021-11-29'),
       (9, 4, 3969.76, '2022-11-01'),
       (10, 4, 3973.23, '2023-01-25'),
       (11, 5, 7212.26, '2021-02-25'),
       (12, 5, 2064.55, '2022-02-23'),
       (13, 5, 8838.8, '2023-08-29'),
       (14, 6, 1952.21, '2021-08-13'),
       (15, 6, 9104.43, '2023-05-06'),
       (16, 6, 5567.83, '2022-05-27'),
       (17, 6, 5155.34, '2022-02-19'),
       (18, 7, 9510.19, '2022-03-14'),
       (19, 7, 3920.87, '2020-07-17'),
       (20, 7, 5359.35, '2020-11-09'),
       (21, 7, 5700.78, '2020-01-08'),
       (22, 8, 8444.4, '2022-07-14'),
       (23, 8, 789.98, '2022-11-16'),
       (24, 8, 4825.46, '2023-06-23'),
       (25, 8, 7119.4, '2020-06-21'),
       (26, 9, 3197.74, '2020-03-23'),
       (27, 9, 4883.17, '2020-04-08'),
       (28, 9, 8524.46, '2023-11-07'),
       (29, 9, 8967.67, '2021-11-17'),
       (30, 10, 4048.98, '2022-09-17'),
       (31, 11, 9677.01, '2023-11-09'),
       (32, 11, 3419.71, '2022-01-22'),
       (33, 11, 9920.42, '2020-10-03'),
       (34, 12, 1989.23, '2021-05-08'),
       (35, 13, 7886.68, '2022-07-17'),
       (36, 13, 2923.05, '2023-09-22'),
       (37, 13, 3110.26, '2021-07-04'),
       (38, 13, 3545.85, '2022-10-07'),
       (39, 14, 8037.3, '2020-05-21'),
       (40, 14, 8947.16, '2022-11-17'),
       (41, 14, 880.54, '2021-12-30'),
       (42, 14, 9481.0, '2022-04-27'),
       (43, 14, 1746.96, '2020-04-18'),
       (44, 15, 9051.74, '2021-09-18'),
       (45, 15, 7034.51, '2023-08-27'),
       (46, 16, 1964.05, '2021-12-21'),
       (47, 17, 8648.97, '2020-09-24'),
       (48, 17, 2942.07, '2023-07-12'),
       (49, 17, 3233.79, '2023-12-09'),
       (50, 17, 5975.04, '2020-05-25'),
       (51, 17, 7713.2, '2022-04-10'),
       (52, 18, 5648.55, '2020-06-11'),
       (53, 18, 9639.3, '2021-02-14'),
       (54, 18, 2792.65, '2023-01-06'),
       (55, 18, 8917.11, '2023-08-09'),
       (56, 19, 6000.26, '2023-06-16'),
       (57, 19, 8550.26, '2022-05-19'),
       (58, 19, 1856.91, '2022-03-27'),
       (59, 19, 2969.4, '2022-04-28'),
       (60, 20, 2792.68, '2022-11-16'),
       (61, 20, 4877.3, '2023-04-26'),
       (62, 21, 4217.7, '2022-12-15'),
       (63, 21, 9850.6, '2021-07-15'),
       (64, 21, 9375.48, '2020-09-29'),
       (65, 21, 5497.35, '2023-03-12'),
       (66, 21, 6240.35, '2020-11-10'),
       (67, 22, 2865.74, '2023-03-09'),
       (68, 22, 8929.37, '2020-06-13'),
       (69, 22, 9796.78, '2020-03-04'),
       (70, 23, 9376.64, '2021-10-16'),
       (71, 23, 9616.57, '2021-02-03'),
       (72, 23, 8358.96, '2023-02-26'),
       (73, 23, 8775.16, '2022-09-27'),
       (74, 24, 2727.32, '2023-10-07'),
       (75, 24, 9481.54, '2023-05-17'),
       (76, 24, 4085.93, '2023-06-20'),
       (77, 24, 4044.68, '2020-07-09'),
       (78, 25, 7476.12, '2020-02-01'),
       (79, 26, 5128.89, '2022-12-30'),
       (80, 27, 7411.5, '2020-05-11'),
       (81, 27, 1443.1, '2023-04-01'),
       (82, 27, 4250.67, '2023-02-22'),
       (83, 27, 6466.29, '2021-03-25'),
       (84, 28, 2481.74, '2020-02-08'),
       (85, 29, 2707.66, '2023-12-12'),
       (86, 29, 5175.77, '2020-06-08'),
       (87, 29, 5661.41, '2021-11-17'),
       (88, 30, 3749.17, '2023-11-18'),
       (89, 30, 6213.11, '2023-08-30'),
       (90, 30, 3109.51, '2022-02-06'),
       (91, 30, 2206.34, '2022-10-16');

INSERT INTO Guarantor_Cosigners (GuarantorID, BorrowerID, FirstName, LastName, Email, PhoneNumber, Address)
VALUES (1, 17, 'Linda', 'Brown', 'linda.brown53cfz@outlook.com', '+13276514579', '7982 Maple Dr, Riverside, GA 77403'),
       (2, 10, 'Linda', 'Williams', 'linda.williams20lyk@yahoo.com', '+14267368729',
        '3037 Willow Ave, Oxford, GA 87236'),
       (3, 8, 'James', 'Jackson', 'james.jackson49ivb@outlook.com', '+11780481574',
        '4278 Oak Court, Fairview, FL 19732'),
       (4, 19, 'David', 'Williams', 'david.williams94yiv@yahoo.com', '+16070591929',
        '5605 Main Blvd, Madison, OH 85621'),
       (5, 19, 'Linda', 'Williams', 'linda.williams80uht@outlook.com', '+10122079213',
        '9747 Cedar St, Oxford, TX 15489'),
       (6, 30, 'Thomas', 'Moore', 'thomas.moore36cmp@gmail.com', '+10463433058',
        '7280 Oak Terrace, Springfield, TX 46187'),
       (7, 23, 'Robert', 'Davis', 'robert.davis77qvw@gmail.com', '+11759219213', '8276 Main Rd, Greenwood, PA 77915'),
       (8, 21, 'James', 'Brown', 'james.brown69lzu@gmail.com', '+13204060995', '1985 Willow Rd, Oxford, IL 90509'),
       (9, 26, 'Karen', 'Moore', 'karen.moore30nsi@outlook.com', '+16364686578',
        '3809 Park Parkway, Fairview, MI 94918'),
       (10, 3, 'Robert', 'Williams', 'robert.williams91wfv@gmail.com', '+16641410091',
        '129 Park Terrace, Greenwood, GA 18407'),
       (11, 10, 'Elizabeth', 'Jackson', 'elizabeth.jackson89bdx@outlook.com', '+16215669043',
        '6112 Oak Dr, Georgetown, GA 66317'),
       (12, 18, 'Charles', 'Gonzalez', 'charles.gonzalez17gdg@outlook.com', '+17653144444',
        '543 Maple Place, Fairview, NY 88492'),
       (13, 4, 'Sarah', 'Johnson', 'sarah.johnson94hpb@gmail.com', '+19255719726', '5485 Elm Ln, Oxford, OH 72398'),
       (14, 13, 'Charles', 'Miller', 'charles.miller38zpm@outlook.com', '+14176347483',
        '5689 Maple Ln, Riverside, MI 28195'),
       (15, 10, 'William', 'Johnson', 'william.johnson76wde@yahoo.com', '+16768139501',
        '3214 Cedar St, Ashland, NY 77398'),
       (16, 27, 'Jessica', 'Moore', 'jessica.moore76pha@yahoo.com', '+16973916149', '6646 Park Ave, Ashland, CA 50476'),
       (17, 27, 'Joseph', 'Thomas', 'joseph.thomas85obs@gmail.com', '+11798911668',
        '3840 Cedar Terrace, Georgetown, GA 11307'),
       (18, 4, 'Richard', 'Jones', 'richard.jones63vif@gmail.com', '+17433596149',
        '2039 Washington Blvd, Greenwood, NY 79633'),
       (19, 6, 'Mary', 'Moore', 'mary.moore47oyy@yahoo.com', '+16431998099', '716 Park Ave, Greenwood, IL 11004'),
       (20, 15, 'Mary', 'Brown', 'mary.brown25uoi@yahoo.com', '+18009196452',
        '8911 Washington Dr, Springfield, IL 16517'),
       (21, 8, 'William', 'Hernandez', 'william.hernandez32rpr@yahoo.com', '+10539658489',
        '2352 Oak Place, Fairview, IL 25417'),
       (22, 20, 'James', 'Thomas', 'james.thomas48lpo@outlook.com', '+16757392736',
        '395 Cedar Place, Riverside, OH 95087'),
       (23, 15, 'David', 'Jones', 'david.jones58qcv@outlook.com', '+14871241935', '4294 Pine Court, Madison, CA 96997'),
       (24, 18, 'Elizabeth', 'Johnson', 'elizabeth.johnson39vhj@yahoo.com', '+13099465701',
        '5607 Spring Parkway, Arlington, TX 50440'),
       (25, 21, 'Jennifer', 'Johnson', 'jennifer.johnson33szh@yahoo.com', '+12016840109',
        '1221 Oak Terrace, Lincoln, TX 42459'),
       (26, 5, 'Jessica', 'Smith', 'jessica.smith34iko@yahoo.com', '+10858545341', '8251 Elm Rd, Lincoln, IL 85467'),
       (27, 7, 'Charles', 'Wilson', 'charles.wilson30ljn@outlook.com', '+16969192447',
        '1764 Washington Place, Ashland, OH 30248'),
       (28, 1, 'Robert', 'Smith', 'robert.smith79vjr@yahoo.com', '+12549301383', '1016 Cedar Dr, Lincoln, IL 92355'),
       (29, 17, 'John', 'Moore', 'john.moore71iet@outlook.com', '+10870806722', '8850 Willow Ln, Arlington, FL 91639'),
       (30, 14, 'John', 'Brown', 'john.brown32iyx@gmail.com', '+18621576549', '976 Elm Dr, Madison, CA 41783');

INSERT INTO Insurance (LoanID, InsuranceProvider, PolicyNumber, CoverAmount, StartDate, EndDate)
VALUES (1, 'Prestige Safeguard Co', 'P47509', 57227.25, '2022-06-25', '2026-08-25'),
       (2, 'Elite Defend Co', 'P64904', 35491.9, '2021-12-16', '2024-02-01'),
       (3, 'Trust Insurance Group', 'P11868', 99460.09, '2021-07-06', '2028-10-28'),
       (4, 'Global Assurance Inc', 'P77668', 47912.35, '2022-04-24', '2024-09-01'),
       (5, 'Reliant Coverage Group', 'P94747', 94633.35, '2020-06-14', '2028-09-02'),
       (6, 'Reliant Defend Inc', 'P53491', 61666.46, '2022-09-13', '2029-11-11'),
       (7, 'Trust Assurance Ltd', 'P14759', 36610.32, '2021-10-19', '2027-09-21'),
       (8, 'Prime Guarantee Partners', 'P11671', 22631.77, '2021-08-09', '2028-02-04'),
       (9, 'Elite Safeguard Inc', 'P12518', 52520.87, '2021-09-22', '2027-07-10'),
       (10, 'Safe Security Corporation', 'P45817', 20511.62, '2022-09-14', '2026-06-09'),
       (11, 'Safe Coverage Partners', 'P99572', 44097.85, '2023-05-03', '2030-12-03'),
       (12, 'Elite Coverage LLC', 'P63558', 64850.73, '2021-01-08', '2028-02-16'),
       (13, 'Secure Security Associates', 'P25004', 64001.29, '2023-12-31', '2029-01-16'),
       (14, 'Prime Defend LLC', 'P23920', 40149.59, '2021-07-07', '2030-11-21'),
       (15, 'Reliant Guarantee Partners', 'P46522', 68932.92, '2021-07-12', '2030-10-11'),
       (16, 'Prime Security Group', 'P78112', 21278.99, '2023-09-08', '2030-02-19'),
       (17, 'Assured Protection LLC', 'P11544', 16134.59, '2022-02-01', '2028-11-17'),
       (18, 'Safe Guarantee Inc', 'P92615', 30001.17, '2020-09-21', '2024-11-27'),
       (19, 'Prestige Guarantee Inc', 'P65036', 21922.05, '2021-07-03', '2026-06-09'),
       (20, 'Elite Coverage Ltd', 'P74556', 41219.5, '2022-02-07', '2025-09-21'),
       (21, 'Safe Coverage Partners', 'P44692', 59674.43, '2022-02-11', '2029-05-28'),
       (22, 'Unity Defend Group', 'P85551', 35009.21, '2022-09-09', '2029-07-30'),
       (23, 'Prestige Assurance Partners', 'P65926', 89947.55, '2021-01-07', '2027-09-25'),
       (24, 'Global Coverage LLC', 'P49528', 32789.59, '2020-03-16', '2026-11-10'),
       (25, 'Safe Safeguard Co', 'P69243', 54047.47, '2020-11-12', '2026-07-08'),
       (26, 'Reliant Assurance LLC', 'P69815', 25184.43, '2021-05-19', '2027-03-24'),
       (27, 'Trust Guarantee Partners', 'P97715', 63086.5, '2023-02-02', '2024-07-01'),
       (28, 'Reliant Defend LLC', 'P54428', 70922.9, '2023-06-20', '2025-11-02'),
       (29, 'Prestige Defend Partners', 'P18376', 85253.08, '2022-08-26', '2026-03-04'),
       (30, 'Prestige Assurance Associates', 'P95432', 17613.03, '2020-03-04', '2029-12-31');
